,Cricket Clothing,Cricket Medals,Cricket Stumps,Cricket Bats,Cricket Pads Gloves,Cricket Other Items,Film Stars,Baseball,Hockey,Tennis,Badminton,Golf,Boxing,F1 Racing,Rugby,Esports Gaming,MMA UFC,Bollywood Cinema,Olympics,NBA Basketball,Music Memorabilia,Soccer Football,Wrestling WWE,Cycling
ConditionScore,3.9390712913700554e-13,2.0529411504099926e-12,0.0,0.0,1.0,0.9999999999995541,0.0,1.0,1.2098655410852643e-13,1.4750145549413674e-12,0.0,0.0,3.3334446314370325e-14,2.2198909377380005e-13,1.4280243654241076e-12,0.0,0.0,3.012895488652134e-12,0.0,0.0,1.0,0.0,0.0,0.0
SignedScore,1.0,0.9999999999972495,1.0,0.9999999999991134,2.5729418595688003e-14,0.0,0.9999999999940885,9.992007221626409e-15,6.103451077876798e-14,0.9999999999980715,1.0,1.5698553568199713e-13,6.689093723366568e-15,0.0,0.9999999999982732,1.0,1.0,0.9999999999948133,8.282263763703668e-14,1.3969381207346032e-13,2.428890422123686e-13,1.0,1.0,1.0
WornScore,0.0,7.650269306935797e-13,1.1879386363489175e-14,5.007383396815612e-13,0.0,1.2487233469471448e-13,2.9208579999107087e-12,0.0,0.0,6.329659019144174e-13,0.0,0.0,3.0253577421035516e-15,0.0,6.499245586155666e-13,6.661338147750939e-14,7.116529587847253e-14,8.168743459435746e-13,4.9960036108132044e-15,0.0,0.0,0.0,0.0,1.6653345369377348e-16
HistoricalScore,0.0,2.0061730054976579e-13,3.9440672949808686e-14,4.616862447903713e-13,0.0,7.999156892424253e-14,1.0477174683387602e-12,3.0309088572266774e-13,1.0,9.653389199115736e-14,0.0,1.0,0.9999999999999143,0.999999999999754,1.459110610113612e-13,0.0,5.209721543053547e-14,0.0,1.0,1.0,1.45791712036214e-12,7.863154571907671e-14,2.879918525877656e-13,3.328171072070063e-13
MarketDemandScore,0.0,0.0,0.0,0.0,2.6895152771544417e-14,4.525269048372138e-13,6.149386555520664e-12,0.0,0.0,0.0,2.7314261963340414e-13,1.827704654289164e-13,4.2771342023684156e-14,1.5601409053545012e-13,0.0,0.0,0.0,2.838479451483522e-12,0.0,3.499145417862337e-13,0.0,1.607047828144914e-13,0.0,0.0
